jiachen-meng,https://github.com/jiachen-meng/simple_fork,Sat Dec 19 22:42:14 2020,e33f50fdad685d658bb6204346599f36b3cc5415
jiachen-meng,https://github.com/jiachen-meng/simple_fork,Sat Dec 19 21:58:08 2020,5b1c56fb517990c78da456c1385a4788090d7618
jiachen-meng,https://github.com/jiachen-meng/simple_fork,Sat Dec 19 22:50:19 2020,70adf6fef3b08c506a9bc89e3eda2f3cfd0fa6b2
jiachen-meng,https://github.com/jiachen-meng/simple_fork,Sat Dec 19 22:45:37 2020,9c9c76d2b15110911ea4fc2fd06cf186a8153569
jiachen-meng,https://github.com/jiachen-meng/simple_fork,Sat Dec 19 21:58:08 2020,5b1c56fb517990c78da456c1385a4788090d7618
jiachen-meng,https://github.com/jiachen-meng/simple_fork,Sun Dec 20 00:08:54 2020,b43f0c0aab11914f62d614f30fb40ad9d557a7ed
jiachen-meng,https://github.com/jiachen-meng/simple_fork,Sat Dec 19 23:50:06 2020,60d9bec2a52aeaccb6b8b81a149b113be8e769a0
jiachen-meng,https://github.com/jiachen-meng/simple_fork,Sat Dec 19 22:57:50 2020,4ad5957523d5ba3ae7da1c21c6e30bdb79d73458
jiachen-meng,https://github.com/jiachen-meng/simple_fork,Sat Dec 19 22:45:37 2020,9c9c76d2b15110911ea4fc2fd06cf186a8153569
jiachen-meng,https://github.com/jiachen-meng/simple_fork,Sat Dec 19 21:58:08 2020,5b1c56fb517990c78da456c1385a4788090d7618
jiachen-meng,https://github.com/chason-alt/simple_fork_alt,Sat Dec 19 23:44:45 2020,d2efaaf0cb7693905d2786fa8f39efffe671f244
jiachen-meng,https://github.com/chason-alt/simple_fork_alt,Sat Dec 19 22:57:50 2020,4ad5957523d5ba3ae7da1c21c6e30bdb79d73458
jiachen-meng,https://github.com/chason-alt/simple_fork_alt,Sat Dec 19 21:58:08 2020,5b1c56fb517990c78da456c1385a4788090d7618
jiachen-meng,https://github.com/chason-alt/simple_fork_alt,Sat Dec 19 23:50:06 2020,60d9bec2a52aeaccb6b8b81a149b113be8e769a0
jiachen-meng,https://github.com/chason-alt/simple_fork_alt,Sat Dec 19 22:57:50 2020,4ad5957523d5ba3ae7da1c21c6e30bdb79d73458
jiachen-meng,https://github.com/chason-alt/simple_fork_alt,Sat Dec 19 21:58:08 2020,5b1c56fb517990c78da456c1385a4788090d7618
jiachen-meng,https://github.com/jiachen-meng/simple_fork,Sat Dec 19 21:54:51 2020,ada4be23bff4fe9ed108fb7947b1f50c798e8ca5
jiachen-meng,https://github.com/jiachen-meng/simple_fork,Sat Dec 19 21:54:51 2020,ada4be23bff4fe9ed108fb7947b1f50c798e8ca5
jiachen-meng,https://github.com/jiachen-meng/simple_fork,Sat Dec 19 23:58:18 2020,5adae22fe069fbb1616e589e495223b282c6c4ef
jiachen-meng,https://github.com/jiachen-meng/simple_fork,Sat Dec 19 21:54:51 2020,ada4be23bff4fe9ed108fb7947b1f50c798e8ca5
jiachen-meng,https://github.com/chason-alt/simple_fork_alt,Sat Dec 19 21:54:51 2020,ada4be23bff4fe9ed108fb7947b1f50c798e8ca5
jiachen-meng,https://github.com/chason-alt/simple_fork_alt,Sat Dec 19 21:54:51 2020,ada4be23bff4fe9ed108fb7947b1f50c798e8ca5
